text,bias_rating,subtype
"Fiscal discipline is the cornerstone of a responsible government that serves its people.",Right,Conservative
"Upholding traditional values is essential for maintaining a strong and moral society.",Right,Conservative
"The government's role should be limited, allowing individual liberty and free enterprise to flourish.",Right,Conservative
"We must appoint judges who respect the original meaning of our founding documents.",Right,Conservative
"Excessive government spending threatens to burden future generations with unmanageable debt.",Right,Conservative
"Strong family structures provide the stability that our communities desperately need.",Right,Conservative
"Lowering the tax burden on businesses and families is the best way to stimulate growth.",Right,Conservative
"Overreaching bureaucracy stifles innovation and infringes on individual freedoms.",Right,Conservative
"Local communities, not distant federal agencies, know best how to solve their own problems.",Right,Conservative
"Religious freedom is a foundational right that must be protected from government encroachment.",Right,Conservative
"Critics argue that runaway spending on new programs is fiscally irresponsible.",Right,Conservative
"The erosion of traditional moral standards is a significant threat to our social fabric.",Right,Conservative
"A focus on law and order is necessary to ensure public safety and respect for property.",Right,Conservative
"Parents, not the state, should have the primary voice in their children's education.",Right,Conservative
"Government regulations are crippling small businesses with unnecessary red tape.",Right,Conservative
"Personal responsibility, not government handouts, is the key to individual success.",Right,Conservative
"We must resist attempts to rewrite our history or undermine our nation's founding principles.",Right,Conservative
"Charity and private institutions are more effective at helping the needy than government welfare.",Right,Conservative
"The rapid expansion of the federal government must be checked to preserve liberty.",Right,Conservative
"Prudent foreign policy prioritizes our nation's interests and maintains a strong defense.",Right,Conservative
"Calls for radical social change ignore the wisdom of time-tested institutions.",Right,Conservative
"The judiciary is overstepping its bounds by legislating from the bench.",Right,Conservative
"A balanced budget amendment is needed to stop politicians from mortgaging our future.",Right,Conservative
"Property rights are sacred and must be defended against government overreach.",Right,Conservative
"The government is too large and tries to intervene in too many areas of private life.",Right,Conservative
"Restoring respect for authority is crucial for a well-ordered society.",Right,Conservative
"Economic prosperity is built on the principles of hard work and individual initiative.",Right,Conservative
"School choice programs empower parents and create healthy competition for public schools.",Right,Conservative
"Moral relativism in our culture is leading to social decay and confusion.",Right,Conservative
"The Constitution must be interpreted as it was written, not as a living document.",Right,Conservative
"Tax cuts for corporations spur investment and create jobs for everyone.",Right,Conservative
"Efforts to centralize power in the federal government are a threat to states' rights.",Right,Conservative
"A commitment to faith and family is what built this nation and will sustain it.",Right,Conservative
"Activist groups are pushing a radical agenda that undermines our core values.",Right,Conservative
"We need leaders who will defend our heritage, not apologize for it.",Right,Conservative
"A nation that cannot control its borders is not a sovereign nation.",Right,Nationalist
"Prioritizing our own citizens and domestic industries is common-sense policy.",Right,Nationalist
"Strong border enforcement is essential to protect our security and national identity.",Right,Nationalist
"Trade agreements must be rewritten to favor our workers, not multinational corporations.",Right,Nationalist
"We must protect our unique culture and heritage from assimilation into a globalist monoculture.",Right,Nationalist
"A powerful military is the best guarantee of peace and the protector of our interests.",Right,Nationalist
"Globalist agendas threaten to undermine our sovereignty and economic independence.",Right,Nationalist
"Immigration policies must be strict and focused exclusively on what benefits our country.",Right,Nationalist
"Putting our nation first is not extreme; it is the fundamental duty of government.",Right,Nationalist
"Domestic manufacturing must be revitalized to restore our industrial base and create jobs.",Right,Nationalist
"Open-border policies are a direct threat to the safety and wages of our citizens.",Right,Nationalist
"National pride and patriotism are virtues that should be celebrated, not condemned.",Right,Nationalist
"Critics of our foreign policy forget that we must always defend our own interests.",Right,Nationalist
"Lax enforcement of immigration laws encourages illegal crossings and strains resources.",Right,Nationalist
"We should be skeptical of international agreements that cede any amount of our autonomy.",Right,Nationalist
"Protecting our language and cultural traditions is vital for national cohesion.",Right,Nationalist
"The first duty of any government is to the people it was elected to serve.",Right,Nationalist
"Policies that encourage outsourcing have been devastating to our working-class communities.",Right,Nationalist
"We need to rebuild our infrastructure using our own materials and our own labor.",Right,Nationalist
"A strong sense of national identity is the glue that holds a diverse population together.",Right,Nationalist
"Commentators who constantly denigrate our country are weakening our standing in the world.",Right,Nationalist
"Our foreign aid budget should be slashed, with that money reinvested at home.",Right,Nationalist
"Fair trade, not free trade, is the only way to protect our manufacturing sector.",Right,Nationalist
"The current immigration system is broken and rewards those who do not follow the rules.",Right,Nationalist
"We are a nation of laws, and those laws must be enforced at the border.",Right,Nationalist
"Our veterans deserve our utmost respect and support for defending our homeland.",Right,Nationalist
"Sovereignty is non-negotiable; decisions for our country must be made by our people.",Right,Nationalist
"The push for global governance is a dangerous idea that must be rejected.",Right,Nationalist
"Cultural preservation is just as important as economic prosperity for our future.",Right,Nationalist
"Some argue that a 'nation-first' approach is the only way to ensure our survival.",Right,Nationalist
"Weak border security invites crime and puts an unfair burden on taxpayers.",Right,Nationalist
"We must secure our supply chains and end our dependence on foreign adversaries.",Right,Nationalist
"Our leaders should always project strength and resolve on the global stage.",Right,Nationalist
"The national interest must be the only guiding principle for our government.",Right,Nationalist
"Free markets and competition are the most effective drivers of innovation and prosperity.",Right,Capitalist
"Lowering corporate taxes encourages companies to invest, hire, and raise wages.",Right,Capitalist
"Burdensome government regulations are the single biggest obstacle to economic growth.",Right,Capitalist
"Private enterprise, not government bureaucracy, creates lasting jobs and wealth.",Right,Capitalist
"Entrepreneurship is the lifeblood of the economy and should be celebrated and supported.",Right,Capitalist
"The profit motive is a powerful force for good, leading to efficiency and better products.",Right,Capitalist
"Government intervention in the market almost always leads to unintended negative consequences.",Right,Capitalist
"Private property rights are the essential foundation of a free and prosperous society.",Right,Capitalist
"Individuals, not the state, should be free to make their own economic choices.",Right,Capitalist
"Capital investment is crucial for building the infrastructure and technology of the future.",Right,Capitalist
"The stock market provides opportunities for all citizens to build personal wealth.",Right,Capitalist
"Consumer choice and open competition ensure that the best ideas and businesses succeed.",Right,Capitalist
"High taxes on capital gains discourage the very investments our economy needs to grow.",Right,Capitalist
"Attempts to centrally plan the economy have failed everywhere they have been tried.",Right,Capitalist
"A flat tax system would be fairer and would stop punishing success.",Right,Capitalist
"The invisible hand of the market allocates resources far more efficiently than any government program.",Right,Capitalist
"Public-sector unions have become too powerful, draining taxpayer resources.",Right,Capitalist
"Deregulation in the energy sector would lower prices and increase our energy independence.",Right,Capitalist
"Minimum wage laws often hurt the very people they are intended to help by reducing job availability.",Right,Capitalist
"Socialism is an ideology of failure that leads to poverty and the loss of freedom.",Right,Capitalist
"The accumulation of wealth is a natural result of innovation and hard work.",Right,Capitalist
"Taxpayer-funded bailouts for failing companies reward mismanagement and create moral hazard.",Right,Capitalist
"The best way to help the poor is through a booming economy driven by free enterprise.",Right,Capitalist
"Price controls are a disastrous policy that inevitably leads to shortages and rationing.",Right,Capitalist
"Occupational licensing laws are often just barriers to entry that protect insiders from competition.",Right,Capitalist
"The state should not be in the business of picking winners and losers in the marketplace.",Right,CapitalExamples
"Opening up more sectors to private competition would dramatically improve service quality.",Right,Capitalist
"Labor regulations have become so complex they deter businesses from hiring new employees.",Right,Capitalist
"The spirit of innovation that defines our economy is threatened by creeping government control.",Right,Capitalist
"The only 'fair share' is the money individuals earn for themselves in a free market.",Right,Capitalist
"Wealth is not a fixed pie; it is created by individuals pursuing their own success.",Right,Capitalist
"Critics say that complex subsidies distort the market and inhibit true competition.",Right,Capitalist
"Free trade agreements open up new markets for our goods and services.",Right,Capitalist
"A robust financial sector is essential for providing the capital that businesses need to expand.",Right,Capitalist
"Public policy should be guided by scientific evidence, not by religious dogma.",Left,Secular
"The separation of church and state is a fundamental principle that must be rigorously defended.",Left,Secular
"Legislators should make decisions based on reason and empirical data, not personal faith.",Left,Secular
"Public funds should never be used to support religious institutions or schools.",Left,Secular
"The influence of religious lobbying on public health policy is a deeply concerning trend.",Left,Secular
"Citizens' rights to be free from religious coercion must be protected by the government.",Left,Secular
"Scientific literacy is essential for a modern society to make informed policy decisions.",Left,Secular
"Religious tests for public office, whether implicit or explicit, are unconstitutional.",Left,Secular
"Public school curricula must be grounded in established science, free from religious agendas.",Left,Secular
"Freedom of religion must also mean freedom from religion in the public square.",Left,Secular
"Appeals to ancient texts have no place in a 21st-century legislative debate.",Left,Secular
"The rise of faith-based justifications for discriminatory laws is a threat to civil rights.",Right,Secular
"Governance should be a rational process, not an exercise in theological interpretation.",Left,Secular
"A politician's primary duty is to the constitution, not to their pastor or holy book.",Left,Secular
"The increasing entanglement of religion and politics threatens the liberty of all.",Left,Secular
"We must challenge supernatural beliefs when they are used to justify harmful public policy.",Left,Secular
"Reproductive rights are under attack by those who wish to impose their religious morality on others.",Left,Secular
"Science education, especially on topics like evolution and climate change, is non-negotiable.",Left,Secular
"Policy decisions on marriage equality should be based on legal principles, not religious objections.",Left,Secular
"The only way to protect religious minorities is to ensure the state favors no religion at all.",Left,Secular
"Many fear that a judicial nominee's religious views will override their commitment to the law.",Left,Secular
"Arguments against medical science based on religious grounds should not influence public health rules.",Left,Secular
"The state must remain neutral in matters of faith, protecting believers and non-believers equally.",Left,Secular
"Using spirituality to guide public policy is an abdication of rational governance.",Left,Secular
"Evidence-based solutions are the only way to solve complex problems like climate change.",Left,Secular
"The constitution's establishment clause exists to protect the government from religious capture.",Left,Secular
"Children should be taught *how* to think, not *what* to believe, in our public schools.",Left,Secular
"Many are concerned that religious dogma is driving the conversation on education and science.",Left,Secular
"Basing legislation on 'moral values' is often a cover for imposing one group's beliefs on everyone.",Left,Secular
"A secular government is the only type of government that can truly represent a diverse populace.",Left,Secular
"The "religious freedom" argument is increasingly being used as a license to discriminate.",Left,Secular
"We must ensure that scientific research is funded and respected, not sidelined by ideology.",Left,Secular
"Lawmakers who cite scripture as a basis for their votes are failing their secular duties.",Left,Secular
"Human rights and equality should always supersede claims of religious exception.",Left,Secular
"We must invest in renewable energy to protect our environment for future generations.",Left,Liberal
"Inclusive policies that celebrate diversity are essential for a just and strong society.",Left,Liberal
"Access to affordable healthcare and quality education should be a right, not a privilege.",Left,Liberal
"Systemic inequalities continue to deny opportunities to marginalized communities.",Left,Liberal
"Protecting civil liberties and the right to vote are the bedrock of our democracy.",Left,Liberal
"The government has a vital role to play in regulating industries to protect consumers and the planet.",Left,Liberal
"Social progress requires us to challenge outdated norms and fight for true equality.",Left,Liberal
"We need comprehensive immigration reform that provides a fair pathway to citizenship.",Left,Liberal
"Diplomacy and international cooperation are more effective than unilateral military action.",Left,Liberal
"Investing in our public schools is the most important investment we can make in our future.",Left,Liberal
"Voter suppression tactics are a direct assault on the democratic process.",Left,Liberal
"The ongoing fight for LGBTQ+ rights is a crucial part of the broader civil rights movement.",Left,Liberal
"We must address the root causes of crime, such as poverty and lack of opportunity.",Left,Liberal
"Strict environmental regulations are necessary to combat the existential threat of climate change.",Left,Liberal
"A robust social safety net is a hallmark of a compassionate and civilized nation.",Left,Liberal
"The justice system is plagued by racial biases that must be confronted and reformed.",Left,Liberal
"Tuition-free public college would unlock the potential of millions of young people.",Left,Liberal
"Hate speech is not free speech; it is a form of violence that must be addressed.",Left,Liberal
"We must move toward a green economy, which will create jobs and save our planet.",Left,Liberal
"Universal background checks are a common-sense measure to reduce gun violence.",Left,Liberal
"The gender pay gap is a persistent injustice that requires a strong legislative remedy.",Left,Liberal
"Protecting reproductive freedom is essential for gender equality and bodily autonomy.",Left,Liberal
"Our democracy is strengthened, not weakened, by embracing a multicultural society.",Left,Liberal
"Public broadcasting and the arts deserve federal funding for their cultural contributions.",Left,Liberal
"It is our moral obligation to provide refuge for those fleeing persecution.",Left,Liberal
"Critics argue that the current system does not do enough to protect vulnerable populations.",Left,Liberal
"Rehabilitation, not just punishment, should be a primary goal of our prison system.",Left,Liberal
"Tax incentives for clean energy are a smart way to transition away from fossil fuels.",Left,Liberal
"The government must take action to break down systemic barriers to equality.",Left,Liberal
"Community policing models are needed to rebuild trust between law enforcement and citizens.",Left,Liberal
"Expanding access to affordable housing is a critical step in reducing poverty.",Left,Liberal
"We need stronger consumer protection laws to hold predatory lenders accountable.",Left,Liberal
"International alliances are key to solving global problems like pandemics and climate change.",Left,Empty
"Affirmative action policies are still necessary to level a playing field that remains unequal.",Left,Liberal
"Workers deserve a living wage and the right to unionize for fair treatment.",Left,Socialist
"Corporate greed is driving inequality and corrupting our entire political system.",Left,Socialist
"Healthcare and education are human rights that should be guaranteed to all, free at the point of service.",Left,Socialist
"The ultra-wealthy must pay their fair share to fund the social programs we all rely on.",Left,Socialist
"Major industries, like energy and banking, must be brought under public, democratic control.",Left,Socialist
"The current economic system is inherently exploitative and built to serve the capitalist class.",Left,Socialist
"A universal basic income would provide a crucial floor of security for every citizen.",Left,Socialist
"We need to transition away from a 'for-profit' model in critical sectors like healthcare.",Left,Socialist
"The power of massive corporations must be broken up to restore fairness to our economy.",Left,Socialist
"Workers, not CEOs, create the value, and they deserve to share in the profits.",Left,Socialist
"The failure to tax extreme wealth is starving our public services of needed funds.",Left,Socialist
"Guaranteed housing and free public transit are essential components of a just society.",Left,Socialist
"The profit motive has no place in our prison system or our public schools.",Left,Socialist
"Unions are the most important tool workers have to fight back against exploitation.",Left,Socialist
"This level of wealth concentration is not just unjust; it is economically destabilizing.",Left,Socialist
"A federal jobs guarantee would end involuntary unemployment and rebuild our nation.",Left,Socialist
"The market cannot solve problems like climate change; massive public investment is required.",Left,Socialist
"Employee-owned cooperatives are a more ethical and sustainable business model.",Left,Socialist
"The ruling class uses its power to write rules that protect its own wealth.",Left,Socialist
"We must cancel all student debt to free a generation from financial bondage.",Left,Socialist
"The pursuit of endless profit is destroying our planet and communities.",Left,Socialist
"A wealth tax is the only way to begin to reverse decades of staggering inequality.",Left,Socialist
"The working class must unite to demand the economic justice they are owed.",Left,Socialist
"Private insurance companies are parasitic middlemen that must be eliminated from healthcare.",Left,Socialist
"Deregulation and privatization have been a disaster for the average working family.",Left,Socialist
"The economy should be organized to meet human needs, not to generate private profit.",Left,Socialist
"Corporate lobbyists have far too much influence over our political process.",Left,Socialist
"The concentration of media ownership in a few corporate hands is a threat to democracy.",Left,Socialist
"It's time to reject the failed ideology that 'greed is good' and build a new system.",Left,Socialist
"Wages have been stagnant for decades while executive pay has skyrocketed.",Left,Socialist
"Land and natural resources should be considered a common inheritance, not private commodities.",Left,Socialist
"The financial sector has become a casino that extracts wealth rather than creates it.",Left,Socialist
"True economic democracy means giving workers a seat at the table and a say in their companies.",Left,Socialist
"The only solution to our problems is a fundamental redistribution of wealth and power.",Left,Socialist
"A balanced approach is needed, one that values both free markets and a strong social safety net.",Center,Center
"Finding a pragmatic compromise on the budget is more important than ideological purity.",Center,Center
"We must find a way to secure our borders while also treating immigrants humanely.",Center,Center
"Most citizens are looking for sensible, non-extreme solutions to our nation's problems.",Center,Center
"Neither party has all the answers; we must be willing to take good ideas from both sides.",Center,Center
"A blend of market-based incentives and smart government regulation is the best approach.",Center,Center
"Ideological extremism on both the left and the right is preventing meaningful progress.",Center,Center
"We need to reduce the deficit, but not by making cruel cuts to essential services.",Center,Center
"A gradual, evidence-based approach to reform is always preferable to radical, untested change.",Center,Center
"The public is tired of partisan gridlock and wants leaders who will work together.",Center,Center
"We can support innovation and entrepreneurship while still ensuring corporations pay their fair share.",Center,Center
"Addressing climate change requires a realistic plan that doesn't destroy our economy.",Center,Center
"A moderate stance on social issues is the best way to respect a diverse population.",Center,Center
"Policy should be driven by data and practical outcomes, not by rigid ideology.",Center,Center
"The nation faces complex challenges that cannot be solved with simplistic slogans.",Center,Center
"Both sides need to give ground to find a lasting solution on healthcare reform.",Center,Center
"A path forward must include both personal responsibility and community support.",Center,Center
"The best solutions are often found in the middle ground, not at the political fringes.",Center,Center
"We must maintain a strong national defense while avoiding unnecessary foreign entanglements.",Center,Center
"The government should be efficient and effective, not necessarily bigger or smaller.",Center,Center
"There is a sensible center on gun policy that respects rights while promoting public safety.",Center,Center
"Debates over cultural issues have become too divisive and counter-productive.",Center,Center
"A mixed-market economy has proven to be the most successful model for prosperity.",Center,Center
"We need incremental improvements to our systems, not a complete overthrow of them.",Center,Center
"The key is finding the right balance between individual liberty and the common good.",Center,Center
"Many voters feel alienated by the extreme positions of both major parties.",Center,Center
"A centrist approach to trade would protect workers while still engaging in the global economy.",Center,Center
"It's possible to be both pro-business and pro-environment with the right policies.",Center,Center
"Most people agree on the goals; the partisan fighting is only about the methods.",Center,Center
"Our leaders should focus on uniting the country rather than appealing to their base.",Center,Center
"Fiscal responsibility and social compassion are not mutually exclusive goals.",Center,Center
"The debate should be about what works, not about which political tribe wins.",Center,Center
"We need to lower the temperature of our political rhetoric and focus on problem-solving.",Center,Center
"A consensus-building approach is the only way to achieve durable legislative success.",Center,Center